date,gz_spread,ebp,est_prob
1973-01-01,1.1307714053429057,-0.0453032726315565,0.1886909714552683
1973-02-01,1.075493276125443,-0.0569947380244098,0.1847805944882623
1973-03-01,1.0299678416836435,-0.1484232601127835,0.1559610432991891
1973-04-01,0.9827458103604768,-0.2091281284867026,0.1385574842530931
1973-05-01,1.0464935117518377,-0.0838507014441665,0.1759907396091607
1973-06-01,1.185925775964177,0.0361206543840326,0.2173152049561111
1973-07-01,0.9810549739577188,-0.3437580768048068,0.1048220009813731
1973-08-01,0.9777605050840716,-0.2132701840991127,0.1374202141256515
1973-09-01,0.8188236781169651,-0.3534295529869402,0.1026503121467993
1973-10-01,1.273250254171703,0.1186947323275786,0.2487520932798413
1973-11-01,1.3537449558224253,0.0542930633048925,0.2240299415365082
1973-12-01,1.295969416847959,-0.0059841616653757,0.2022118588741381
1974-01-01,1.1784210232542267,-0.0383706112361421,0.1910336085868725
1974-02-01,1.3067144792396042,0.162356524307579,0.2663045414883463
1974-03-01,1.220038714401003,-0.0978154409387663,0.1715265499396711
1974-04-01,1.2539698576113811,0.0917218781015618,0.2382247394341284
1974-05-01,1.3012385977617122,0.0992832798436464,0.241151059772429
1974-06-01,1.9017877205835207,0.7553190325655998,0.5456520347071121
1974-07-01,2.568696915547139,1.2625871930637798,0.7723587812254027
1974-08-01,2.1264243722076457,0.9430039841892712,0.6362680910677707
1974-09-01,2.381902491150801,0.9982614657192256,0.6617854529789844
1974-10-01,2.5524795103497766,1.1111799792762822,0.7115827862325054
1974-11-01,2.356853811556149,1.0894555354050892,0.7022733910750814
1974-12-01,2.661212477979876,1.223132289236278,0.7572502103483616
1975-01-01,1.7337713333806513,0.3899172681312015,0.366727452411099
1975-02-01,1.649526368358294,0.4120365549649913,0.3771489969811966
1975-03-01,1.8961250416029105,0.6020177001067901,0.4695906193525088
1975-04-01,1.5567123308218438,0.2349999830215716,0.2968336975142812
1975-05-01,1.606921254453593,0.3601503189229993,0.3528575752435838
1975-06-01,1.461922207470538,0.2545674935461661,0.3053228797277078
1975-07-01,1.4884824580177884,0.3835434210017703,0.3637421602157752
1975-08-01,1.300847928813233,0.126271717441937,0.2517532988526053
1975-09-01,1.4186685311342824,0.3019086024305406,0.326292341157425
1975-10-01,1.3607284327062037,0.1120375655681682,0.2461310288199593
1975-11-01,1.329823154039846,0.1818552816651495,0.2743408786301881
1975-12-01,1.2541786335635057,-0.039067566448363,0.1907972949843528
1976-01-01,0.9979908878131896,-0.1657150983858423,0.150862963032995
1976-02-01,1.0617339891598505,-0.0841722848942296,0.1758871167076994
1976-03-01,1.011120581271097,-0.1257754882061472,0.1628080068651762
1976-04-01,1.0521076518505803,-0.0679968784856261,0.1811471397086151
1976-05-01,1.0237351420087335,-0.1279947116431057,0.1621285705338744
1976-06-01,1.0197788832302777,-0.0538847324563367,0.1858158301983209
1976-07-01,0.9837099912897176,-0.0925008818985754,0.1732168854512142
1976-08-01,0.9120648551648856,-0.1725575267579836,0.14887662048397
1976-09-01,0.8550532640032931,-0.2092634152492059,0.1385202380170481
1976-10-01,0.9219118941699904,-0.1464561627940084,0.1565481055326571
1976-11-01,0.8555867249993262,-0.3735973319221138,0.0982273005102204
1976-12-01,1.1083337127370156,-0.0461403395497386,0.1884093186292715
1977-01-01,0.9877198594648672,-0.3371311028796189,0.1063291452155847
1977-02-01,0.9379016261616826,-0.2098784757852378,0.1383509897315477
1977-03-01,0.9231957678701688,-0.1781591841089443,0.1472635386380814
1977-04-01,0.8633616214622896,-0.2469090343858923,0.1284202293925427
1977-05-01,0.8099849739276472,-0.2498667087755155,0.1276489488224267
1977-06-01,0.8512871905637213,-0.261529481869354,0.1246390287021393
1977-07-01,0.8767822191117481,-0.1798448070900925,0.1467804396043267
1977-08-01,0.9251361350888264,-0.1890466726996398,0.1441619466571752
1977-09-01,0.9449811605505964,-0.1379066543705006,0.1591165103369799
1977-10-01,0.9310095841986334,-0.1531018206995946,0.1545706069063751
1977-11-01,0.9339801709741394,-0.1364689743674151,0.1595511077500561
1977-12-01,0.7853049470875838,-0.3387810556852114,0.1059524484521873
1978-01-01,0.7587030375251503,-0.3365739927588603,0.1064565558527925
1978-02-01,0.7141317271766402,-0.341928513509344,0.1052365363751668
1978-03-01,0.7198637386015848,-0.3397396259542026,0.1057340429697062
1978-04-01,0.7353117681645004,-0.2879155344140335,0.1180133911407322
1978-05-01,0.7776714269052935,-0.248645079533699,0.1279671250686112
1978-06-01,0.6222007182807374,-0.4603571588482866,0.080786026123992
1978-07-01,0.6187085690170846,-0.3743418394919329,0.0980667363738926
1978-08-01,0.5981373777490661,-0.3979397020635201,0.0930766960958143
1978-09-01,0.6381015099065186,-0.3209582831853226,0.1100728108866567
1978-10-01,0.5641497987359325,-0.4955199097429199,0.0744244128227104
1978-11-01,0.6759448970423942,-0.2377483562909584,0.1308295860768056
1978-12-01,0.6532541104105585,-0.3786794831101907,0.0971350817688004
1979-01-01,0.702604369050579,-0.2520076896823982,0.1270926526288403
1979-02-01,0.6671887115386741,-0.3133536828957056,0.111865432812408
1979-03-01,0.658788911062305,-0.172014830355499,0.1490335230744255
1979-04-01,0.6687966878187225,-0.2083538232853466,0.1387707920087797
1979-05-01,0.7217913940558555,-0.2403606571964645,0.1301393605364291
1979-06-01,0.7660561848487495,-0.1484768376965333,0.1559450738849525
1979-07-01,0.6711907137257954,-0.2394910867863794,0.1303688392049386
1979-08-01,0.6016968629727698,-0.3221403736325641,0.1097960195644244
1979-09-01,0.7589592705917176,-0.0835616261668349,0.1760839204806686
1979-10-01,0.8097016210920253,-0.6296706335064676,0.0536188177979274
1979-11-01,0.9268355130497898,0.0089782472179419,0.2075056506528675
1979-12-01,0.9386543194854636,0.220354558352007,0.2905514936723644
1980-01-01,0.8763089833017584,-0.0119836248418683,0.2001121098317411
1980-02-01,1.016067906224119,-0.3053716351985327,0.1137693860755964
1980-03-01,1.0779462855935016,0.3552097568129637,0.350573750133994
1980-04-01,1.306321372138604,-0.315905641187103,0.1112615502371035
1980-05-01,1.1979530040650532,0.1380706878562461,0.256464609728002
1980-06-01,1.204192091752856,0.0109652831035578,0.2082147857389362
1980-07-01,1.2144844853760512,0.2248089678395013,0.2924556354087679
1980-08-01,1.0731475421908905,0.0867282976913813,0.2363029028354177
1980-09-01,1.0790368515085909,0.0573392014753075,0.2251669181030388
1980-10-01,0.947510899515386,-0.1025314751779747,0.1700354376082523
1980-11-01,1.0484299435797464,0.3666272866525422,0.3558596579269271
1980-12-01,1.201437964383504,0.1619472918264228,0.2661371631408615
1981-01-01,1.1489316395602571,0.4411022620045451,0.3909794434969518
1981-02-01,0.9982558088979854,0.2006501702815071,0.2821987743111501
1981-03-01,0.9991969633732846,0.0640397188084371,0.2276793663924323
1981-04-01,1.188618422246655,0.5684567742605454,0.4529905961195369
1981-05-01,1.251470971544342,0.4041799132484213,0.3734366186233595
1981-06-01,1.179596752082935,0.4909951276918868,0.41503541658794
1981-07-01,1.1739456995586088,0.4732327143141954,0.406429596266245
1981-08-01,1.08259468139171,0.3169098503766914,0.3330575568545316
1981-09-01,1.231564533964261,0.4465752775938457,0.393599782621367
1981-10-01,1.3323218953955485,0.5644346677414255,0.4510060923301315
1981-11-01,1.4975239359945196,0.2523623178630105,0.304360814577119
1981-12-01,1.479355817462738,0.5714518803263291,0.4544691446538719
1982-01-01,1.4852202076580372,0.7625281009071433,0.5492095888338256
1982-02-01,1.4846150833783112,0.546684618069522,0.4422635175218151
1982-03-01,1.6644166899655897,0.9710710922361416,0.6493132893670559
1982-04-01,1.6758393723413882,0.8625378630270214,0.5980320724209316
1982-05-01,1.5496045516876424,0.7861161868638937,0.5608208234548939
1982-06-01,1.5943758081493684,0.7692133849225742,0.552505141317196
1982-07-01,1.6682357309260138,0.7011641559558041,0.5188300675499277
1982-08-01,1.7438944272751378,-0.0024150052287015,0.2034672553451967
1982-09-01,1.6815517600909045,0.5033021930869408,0.4210224090008019
1982-10-01,1.8146040324535653,0.2449482465471502,0.3011361783879899
1982-11-01,1.6023145384723847,0.5237458863138937,0.4310074398713711
1982-12-01,1.6205010021247692,0.6744340609703355,0.5055519839320415
1983-01-01,1.294266901043338,0.2904125125165391,0.3211461312687186
1983-02-01,1.366585027386851,0.2461127223154373,0.3016416292981734
1983-03-01,1.0540197426826072,0.1679265756817098,0.268588007905187
1983-04-01,0.9978546575330448,0.0814461667436718,0.2342793399242372
1983-05-01,0.9268887462540316,-0.108807099359636,0.168064140487934
1983-06-01,0.9129636996378566,0.0521183619346022,0.2232202296823831
1983-07-01,0.9203401442514324,-0.1094125719490489,0.1678747306352697
1983-08-01,0.8549965276819984,-0.1756336375718397,0.1479893520389438
1983-09-01,0.9431996460875716,-0.0775656106228016,0.1780237220477948
1983-10-01,0.8729571645264135,-0.1010901096961575,0.1704902833585806
1983-11-01,0.9464674294350376,0.0219866639882891,0.2121739900201516
1983-12-01,0.9662728531907336,0.0757518922381083,0.2321086727081057
1984-01-01,0.9245858531474848,-0.0048061616520523,0.2026256892381381
1984-02-01,0.9103033098222356,-0.0815664612447383,0.1767278957627212
1984-03-01,0.951469690999222,-0.0057771981343529,0.202284528344324
1984-04-01,0.9640538555113872,0.0614429378722177,0.2267038006715058
1984-05-01,0.7599568765231222,-0.3683256964990651,0.0993697191376325
1984-06-01,0.7834195920429168,-0.0750175143672078,0.1788521336952585
1984-07-01,0.915302548771836,-0.1672582626707411,0.1504134521627169
1984-08-01,0.9157287712330392,0.1447255566998506,0.2591420076309537
1984-09-01,0.9061431005259268,-0.0660114300526688,0.1817995030193561
1984-10-01,0.931165565570627,-0.262210004675391,0.1244649446287235
1984-11-01,0.9512696600236864,-0.1360989710352007,0.1596630819358861
1984-12-01,0.9565824348689572,-0.0202211790741413,0.1972504996874242
1985-01-01,1.0519381189768462,-0.1552513560287161,0.1539345348728736
1985-02-01,0.9405876170997012,-0.1841800591422783,0.1455428461327688
1985-03-01,0.9706894728250528,0.0501652134647117,0.2224944312561224
1985-04-01,1.061068733819435,-0.0801144734665157,0.1771974857450116
1985-05-01,1.1991082705631746,-0.292099400856989,0.1169861278777794
1985-06-01,1.1697971611050744,0.030021319146043,0.2150878109096946
1985-07-01,1.1333078735846984,-0.0142204048587684,0.1993326264929018
1985-08-01,1.1611328656795772,0.0106558158795546,0.2081042488923828
1985-09-01,1.1356248045926107,0.0911332252999514,0.2379977453674795
1985-10-01,1.2284311223784024,0.1525841174068591,0.262322182128521
1985-11-01,1.2895870431877798,0.1744373819114206,0.27126955706437
1985-12-01,1.3748789370417211,-0.0479824336064682,0.1877904122495007
1986-01-01,1.328334663563506,0.186596919534542,0.2763130689062558
1986-02-01,1.5497237045603347,-0.2093884864265227,0.1384858103363884
1986-03-01,1.9991487519450328,0.5599779348451019,0.4488085757626938
1986-04-01,1.9184641059649592,0.5100033281288632,0.4242900860098469
1986-05-01,1.5866962357352212,0.004873074734137,0.2060451219061493
1986-06-01,1.9003727235973955,0.0765195966420644,0.2324006684508228
1986-07-01,2.0692244812858496,0.6897833624528116,0.5131783938418345
1986-08-01,2.231424460367828,0.6543042001395329,0.4955476813447832
1986-09-01,1.902236023663172,0.3008418900597776,0.3258134148057168
1986-10-01,1.9137912097627143,0.481769860166481,0.4105604431930625
1986-11-01,2.028667375395258,0.5913084316208541,0.4642864228001361
1986-12-01,1.930246589778661,0.6156059346327449,0.4763283941791603
1987-01-01,1.8012622410758348,0.4751424770384172,0.4073527819245729
1987-02-01,1.9024488648189863,0.5426748040146263,0.4402922637334876
1987-03-01,1.8239814018725848,0.4310977719532507,0.3862023996038365
1987-04-01,1.7103216658632594,-0.2768164990557651,0.120769399496524
1987-05-01,1.68388721748476,0.166480644086113,0.2679942976138936
1987-06-01,1.639050457817809,0.152116844144321,0.2621325302443799
1987-07-01,1.594127177127132,0.2268121472392368,0.2933138281424613
1987-08-01,1.5160015599025936,0.2235697476102274,0.2919253195382932
1987-09-01,1.4993881575531094,0.2169608358410384,0.2891046724754308
1987-10-01,1.6241249060666865,-0.6862853159170264,0.0463557429272311
1987-11-01,1.6043764806399006,0.2147801906309174,0.2881768053173765
1987-12-01,1.5739394552917203,-0.0355663675588389,0.1919862442301311
1988-01-01,1.642292720468512,-0.1788499044213667,0.1470654496779399
1988-02-01,1.5964031008325026,0.1644008529776091,0.2671414802551352
1988-03-01,1.4943899163805952,-0.1007434854134803,0.1705997822599627
1988-04-01,1.394489346097105,-0.0301711662623664,0.1938272192390338
1988-05-01,1.4005998368546866,0.0505572977213866,0.2226400234090205
1988-06-01,1.461479289175077,0.1489400355970471,0.2608450264061505
1988-07-01,1.352658344162862,-0.1362261341043387,0.1596245927513366
1988-08-01,1.3358934015049817,0.0365889877685501,0.217486782837829
1988-09-01,1.4314266115200294,0.2221055755992376,0.2912993148730987
1988-10-01,1.556773251364014,0.3276952820884158,0.3379554955974202
1988-11-01,1.4785730124629266,0.2283423858868472,0.2939701910954104
1988-12-01,1.491305310749086,0.3637863676050408,0.3545417746529887
1989-01-01,1.5547748210063714,0.3617484947072273,0.3535974894186733
1989-02-01,1.4457451433967528,0.2487411288967716,0.3027839123086177
1989-03-01,1.521796417969204,0.4813512317375967,0.4103576470207478
1989-04-01,1.5762463223027845,0.565754681978224,0.4516572536547975
1989-05-01,1.627533859086566,0.3894570336752923,0.3665116215671091
1989-06-01,1.828941160853612,0.6481224348828207,0.4924756874760563
1989-07-01,1.957873517878501,0.8748801685005081,0.6039685020615576
1989-08-01,1.7728031516570917,0.5888635811103939,0.4630763672172248
1989-09-01,1.6098494298780603,0.633027600459269,0.4849766361581719
1989-10-01,1.5479655398984602,0.5203821677873088,0.4293613328236225
1989-11-01,1.54437498183621,0.6392767347552745,0.4880806875334075
1989-12-01,1.4583979179545183,0.5317669662607069,0.4349375132844441
1990-01-01,1.353000376120297,0.2673817804599083,0.3109399219015443
1990-02-01,1.3481455158781577,0.4024684535012172,0.3726294709980821
1990-03-01,1.342693439550254,0.4252923008618394,0.3834381832385808
1990-04-01,1.2768704962813933,0.184603311726226,0.2754830203392255
1990-05-01,1.1438834400060625,0.0995427044203545,0.2412518046063973
1990-06-01,1.16396636073479,0.1530009573155555,0.2624914239491563
1990-07-01,1.1153271973470955,0.0838112084325535,0.2351841898222348
1990-08-01,1.0449809382742012,-0.222446618341771,0.1349234238878427
1990-09-01,1.0662999533630766,-0.004394678395277,0.2027703621460198
1990-10-01,1.323732043990583,0.1732447753192472,0.2707773719244005
1990-11-01,1.4659013762689967,0.2756186983409576,0.3145740205119927
1990-12-01,1.4681418916324196,0.3511449817411953,0.3486988034063152
1991-01-01,1.4811933533571378,0.3725316731823234,0.3586041642339402
1991-02-01,1.329468144946888,0.3035552720577026,0.3270322158116333
1991-03-01,1.288112556455963,0.2375548752757348,0.297935964567476
1991-04-01,1.2895749714037532,0.2016012028131546,0.2825992503849593
1991-05-01,1.24254903373424,0.1863148100525467,0.2761955367234276
1991-06-01,1.219053645634931,0.0975738473867142,0.240487791668325
1991-07-01,1.3049049073262844,0.1949103517559163,0.2797875761045093
1991-08-01,1.2288004143189024,0.1387338001987559,0.2567307462070926
1991-09-01,1.3313648828634703,0.1714526114914536,0.2700385906122015
1991-10-01,1.3086918230970053,0.1566204501909658,0.2639633260617062
1991-11-01,1.3010046608973738,0.1685131160135795,0.2688290340642094
1991-12-01,1.4660034604411245,0.180261459909921,0.2736795240798908
1992-01-01,1.2794536211254657,0.0538981702665624,0.2238827861850373
1992-02-01,1.242899862440982,0.1029621666653413,0.2425818524377258
1992-03-01,1.1699083103909609,0.0464066383183601,0.2211015219540213
1992-04-01,1.175509784223132,0.0384593271317936,0.2181727766705884
1992-05-01,1.1843820679140804,0.0054174497877064,0.2062384470614583
1992-06-01,1.172716978626827,0.0040497772028242,0.2057529466316578
1992-07-01,1.2350408369293928,-0.0634424172384213,0.1826457874078599
1992-08-01,1.3799484301665772,0.08189878332467,0.2344523588999111
1992-09-01,1.500225097394876,0.1805503808228521,0.2737993529363048
1992-10-01,1.393902458396458,0.1101807175159235,0.2454026001533678
1992-11-01,1.2645266161700814,0.071663185294265,0.2305569813790683
1992-12-01,1.3295045115637305,0.1058750244852009,0.243717973941255
1993-01-01,1.355951641874794,0.0693550407767324,0.2296835916872366
1993-02-01,1.3965432285368893,0.0628044128988776,0.2272149888732458
1993-03-01,1.3454621283300705,0.0340844119543157,0.2165701197588468
1993-04-01,1.3935857024107212,0.0668905518194455,0.2287530912153878
1993-05-01,1.3054661954946778,0.0364880907272213,0.2174498117492533
1993-06-01,1.2981601902812958,-0.030962449175,0.1935565427392565
1993-07-01,1.2721859437250171,-0.0378967345822167,0.1911943863728931
1993-08-01,1.3625285071977742,-0.0381076842711665,0.1911228047127424
1993-09-01,1.3998979187338974,0.0524621937279679,0.2233481384308681
1993-10-01,1.3367448488358842,-0.0225414844825473,0.1964489487089431
1993-11-01,1.2544880900996584,-0.1173742475341459,0.1653968737539044
1993-12-01,1.2250751399134472,-0.1551642660547676,0.1539602720747268
1994-01-01,1.18684313879281,-0.2313062925705273,0.1325425158631987
1994-02-01,1.0968800713628677,-0.4249887715895892,0.0875906338649682
1994-03-01,1.1755918513296757,-0.3094460983811902,0.1127946403927139
1994-04-01,1.1879849829668934,-0.2679262219688056,0.1230093932414944
1994-05-01,1.2113674560872132,-0.2735721137128351,0.1215835042403725
1994-06-01,1.1748465768652063,-0.3186488886429082,0.1106150086713633
1994-07-01,1.1696839016010063,-0.2928242073813836,0.1168088123295672
1994-08-01,1.1477256712956685,-0.2619915590172548,0.1245208065261608
1994-09-01,1.1327907919544653,-0.3859998519902648,0.095577545833348
1994-10-01,1.1500297873729357,-0.3032569039277877,0.1142776595007628
1994-11-01,1.219551405021898,-0.228513580985916,0.1332898715858488
1994-12-01,1.245588667914712,-0.177392538575166,0.1474836112074104
1995-01-01,1.2376204091901175,-0.2213288280436147,0.1352258849421928
1995-02-01,1.2088059775581974,-0.2532425030276868,0.1267725763109278
1995-03-01,1.2078650507605075,-0.2623569845267226,0.1244273681486177
1995-04-01,1.183477000313479,-0.2018932891844618,0.1405592751266635
1995-05-01,1.2813010454586733,-0.2907951449798887,0.1173056792913287
1995-06-01,1.3072308326919748,-0.1053941650093837,0.1691343791256116
1995-07-01,1.2247000578450402,-0.2762893524718948,0.1209014132350165
1995-08-01,1.2437997207484637,-0.1685331672136003,0.1500427569366652
1995-09-01,1.2399793988750591,-0.1263280566895315,0.1626386598940828
1995-10-01,1.313574129636491,-0.0895575614848331,0.1741575791690871
1995-11-01,1.358512931554788,-0.0067753876727381,0.201934185952315
1995-12-01,1.372109117508295,-0.0196451081484672,0.1974498099137604
1996-01-01,1.3535891710896124,-0.0671089306321608,0.1814387132988846
1996-02-01,1.2660126664666465,-0.278818033425791,0.1202690777604016
1996-03-01,1.2248624597498483,-0.303798724033868,0.1141472798000988
1996-04-01,1.2275426310800963,-0.2540725007563487,0.1265577480446242
1996-05-01,1.173951392709142,-0.2873408689534398,0.1181549854152006
1996-06-01,1.2378641745844523,-0.2402197785919237,0.1301765192571297
1996-07-01,1.250432484837979,-0.2887282711169847,0.1178133424571733
1996-08-01,1.220289058995749,-0.3597088350233424,0.1012579470473395
1996-09-01,1.204128297221062,-0.3538103390637672,0.1025654824532156
1996-10-01,1.2458245076563657,-0.2962613607372775,0.1159705464919438
1996-11-01,1.293653400846767,-0.2477794061845077,0.1281929250607384
1996-12-01,1.2157914465016706,-0.3707803169195449,0.0988365744972679
1997-01-01,1.2492595672741846,-0.3186216246216369,0.1106214211087234
1997-02-01,1.183749164449512,-0.435555929079343,0.0855142426787435
1997-03-01,1.1872482912305606,-0.4662301004711562,0.0796958460435171
1997-04-01,1.1921553480545748,-0.4146828967926029,0.0896516976175851
1997-05-01,1.1503118443016456,-0.4137763891127706,0.0898347004386667
1997-06-01,1.1253428701756425,-0.5140042740848014,0.0712373625879949
1997-07-01,1.182791168896258,-0.4902457079570772,0.0753534563666722
1997-08-01,1.123788043465732,-0.4918853323565317,0.0750636966543133
1997-09-01,1.1348460962459217,-0.5441177048844004,0.066271033628727
1997-10-01,1.2675429750986125,-0.4172832659907781,0.0891282816698501
1997-11-01,1.291483356687293,-0.3107084284306378,0.1124938628433376
1997-12-01,1.2848991315655756,-0.3756534887169431,0.0977843276908627
1998-01-01,1.3324764948963344,-0.3304792375292358,0.1078576256820134
1998-02-01,1.300507169835315,-0.305426495225505,0.1137562220020247
1998-03-01,1.2807110816305671,-0.3577245218085234,0.1016964525228622
1998-04-01,1.1931878821197677,-0.390890101480106,0.094547349102899
1998-05-01,1.2049649621035616,-0.3447096394390851,0.1046068675709205
1998-06-01,1.304477392053375,-0.3066619163763358,0.1134600609267531
1998-07-01,1.351531588162124,-0.266863542944191,0.1232790820244417
1998-08-01,1.982338248471696,0.1329732349647439,0.2544235846109269
1998-09-01,2.0939971059121394,0.1168885328178643,0.2480394891287293
1998-10-01,2.231529067261861,0.2320091344711976,0.2955457208810619
1998-11-01,1.9704781514693368,0.215615791861401,0.2885321885922202
1998-12-01,1.931560859653758,0.0796029929288701,0.2335754915754953
1999-01-01,1.8910240518719068,0.07135808046472,0.2304414249754805
1999-02-01,1.7647874110936752,-0.1537170333141149,0.1543883812879198
1999-03-01,1.6627708467708866,-0.1421519560560933,0.1578377249122498
1999-04-01,1.61081396376359,-0.1829024319162946,0.1459068415762029
1999-05-01,1.6458082656553763,-0.1812581038314895,0.1463762095278602
1999-06-01,1.6858768196852143,-0.1180803353215163,0.1651782710755446
1999-07-01,1.7423784548501322,-0.0699554420078443,0.1805050486790928
1999-08-01,1.9586411946480329,-0.0096816639757084,0.2009162177619336
1999-09-01,2.0206204322703125,0.1237202212903858,0.2507405336278616
1999-10-01,2.0866789305995903,0.1373715000837914,0.2561841503341844
1999-11-01,2.037546173748062,0.102277443245961,0.2423152021015352
1999-12-01,1.862697629054356,-0.1273063234247446,0.1623391292974955
2000-01-01,1.951746674154659,0.0576371806836886,0.22527831462959
2000-02-01,2.122063749705321,0.1468613102449198,0.2600043202670127
2000-03-01,2.4724797336204185,0.4117717545504211,0.3770236876318361
2000-04-01,2.6326045966269307,0.5690497487610187,0.4532832697606635
2000-05-01,2.802786292820378,0.751047517840886,0.543542366131025
2000-06-01,2.8122246765252883,0.7983468126612268,0.566821453702738
2000-07-01,2.9290527958432584,0.8784411717136122,0.6056768748089342
2000-08-01,3.051138311629874,1.0318765498361562,0.6769613645993693
2000-09-01,3.199956227897844,1.1388946243638485,0.7232559607839614
2000-10-01,3.635501030687768,1.5299420161280857,0.8598638095108128
2000-11-01,3.7367477473529096,1.6130148237322284,0.8816349809241644
2000-12-01,3.7571032536719455,1.6127429954002177,0.8815678779435383
2001-01-01,3.370642447300915,1.1579963790829204,0.7311643926123249
2001-02-01,3.292957190620823,1.1893338712706862,0.7438879790458093
2001-03-01,3.249290427478023,1.1183906525004836,0.7146421028103888
2001-04-01,3.172554202298158,0.9279272893700288,0.6291937276244534
2001-05-01,2.968723805976939,0.7831660120423236,0.5593712500832617
2001-06-01,3.0764290736696878,1.0246821014312788,0.673736947465949
2001-07-01,3.0117005556463217,0.7927518902952464,0.5640782796585995
2001-08-01,3.003516881008127,0.7730984150372135,0.5544186420707012
2001-09-01,3.5172105122612867,1.2382638577911012,0.763107886571661
2001-10-01,3.417345785311736,1.0548023184494086,0.6871469410035476
2001-11-01,2.969791665177343,-0.0909240388561505,0.1737204459567555
2001-12-01,2.8843698750408246,0.4107343864560562,0.3765329072167558
2002-01-01,2.920527776772775,0.5723097256592218,0.454892741297189
2002-02-01,2.958090585289686,0.7901613566396612,0.562807095439748
2002-03-01,2.6166188563709696,0.2855407433327919,0.3189755358992433
2002-04-01,2.658459443149495,0.4231129527234523,0.3824020300164601
2002-05-01,2.73463728322125,0.5220777760314466,0.4301909630430165
2002-06-01,3.2774888967934257,0.9758043377834786,0.6514964846271418
2002-07-01,4.091923009031274,1.6040695946422143,0.8794126492114358
2002-08-01,3.9681842117671433,1.5012541493461962,0.8517499864248602
2002-09-01,4.296627011872055,1.6873608914924283,0.8989903949653308
2002-10-01,4.3470043902468944,1.4800693120603094,0.8455603287024718
2002-11-01,3.774240172865568,1.061581225529637,0.6901319977673012
2002-12-01,3.678170983408556,0.9266555164579562,0.6285949388671912
2003-01-01,3.562984513458865,0.87526263412781,0.6041520843381137
2003-02-01,3.4491588116232954,0.67467509079981,0.505671764304609
2003-03-01,3.2069138402586472,0.1595579846728605,0.2651609879081962
2003-04-01,2.72867792736998,0.0713509882262752,0.2304387392229424
2003-05-01,2.804684502891423,-0.4711615915010108,0.0787890520798251
2003-06-01,2.5407174376511183,-0.3667191569916528,0.0997197966781528
2003-07-01,2.4420962025251987,-1.0700888608172083,0.0154093151414839
2003-08-01,2.3966710255195864,-0.1971861776437964,0.1418721659708367
2003-09-01,2.422968808832967,-0.5399757836867147,0.0669377697102636
2003-10-01,2.1027438622236847,-0.5207713758626857,0.0700971545480075
2003-11-01,2.00841067750452,-0.5480531659724237,0.0656423080884457
2003-12-01,1.9178418291929265,-0.5130394746535631,0.0714010775722753
2004-01-01,1.789382741289964,-0.7081113210182841,0.0437759159875718
2004-02-01,1.9030963038824733,-0.3407418120224907,0.1055060480618686
2004-03-01,1.9172389986233151,-0.5250520626756288,0.0693831716864408
2004-04-01,1.7469234840325616,-0.7646969362006446,0.0376239878026993
2004-05-01,1.8923534946015337,-0.3835887207272626,0.0960885130789943
2004-06-01,1.803104308347058,-0.3889114600403629,0.0949631861128738
2004-07-01,1.72978803047843,-0.3249482869862923,0.1091405388069219
2004-08-01,1.854785625263608,-0.4277698577075555,0.0870405520470117
2004-09-01,1.7433738815547837,-0.5491140306306581,0.0654736191914146
2004-10-01,1.7348672231747069,-0.5326420476500606,0.0681310131820394
2004-11-01,1.527808172086814,-0.6717115410642105,0.0481453248266911
2004-12-01,1.4593200821488044,-0.7181769578287389,0.0426258304297713
2005-01-01,1.694157418561368,-0.7027843724482832,0.0443946209505603
2005-02-01,1.5487873461845,-0.931855832711525,0.023450329911425
2005-03-01,1.84029884526466,-0.6441620179542031,0.0516789854533271
2005-04-01,2.123849804550002,-0.3885734242380882,0.0950343632430639
2005-05-01,2.095573548080987,-0.3078192098676355,0.1131831281627588
2005-06-01,1.9517064141976743,-0.4532154377071631,0.0821268533825586
2005-07-01,1.7112655755249837,-0.5571097080476695,0.0642130161036085
2005-08-01,1.799036344160574,-0.5543483794620292,0.064646218730191
2005-09-01,1.8192294221802885,-0.4629438943025517,0.0803044770301985
2005-10-01,1.868970152017997,-0.3464200779298478,0.1042209686909729
2005-11-01,1.8766400461010648,-0.3163586355548493,0.1111546002946453
2005-12-01,1.938260244880912,-0.2871101770399906,0.1182118603614866
2006-01-01,1.7809856727547158,-0.3577375982799826,0.1016935582870748
2006-02-01,1.7325564182649502,-0.3141310676270581,0.1116812286565409
2006-03-01,1.703692940493609,-0.4008592771739452,0.0924726047897163
2006-04-01,1.6274586663381525,-0.438313311431171,0.0849785447956354
2006-05-01,1.6407348939685076,-0.3412887524123986,0.1053817705184413
2006-06-01,1.7498725594804556,-0.3494608079283599,0.1035374871872315
2006-07-01,1.7956068257685596,-0.2490712584759702,0.1278560632235085
2006-08-01,1.804405126510942,-0.2739723089192909,0.1214828763208801
2006-09-01,1.816555742070313,-0.3340112566532967,0.1070440713963278
2006-10-01,1.7122396586037132,-0.3647509554563446,0.1001499102861153
2006-11-01,1.7008695785119523,-0.3336075132110536,0.1071368437169285
2006-12-01,1.5890978284489394,-0.4684850545612136,0.0792802341143255
2007-01-01,1.4951865175440908,-0.529349677410176,0.0686720132431013
2007-02-01,1.5323029579448273,-0.5242734803654112,0.0695126142912483
2007-03-01,1.5917297287864896,-0.3363412157231165,0.1065098244121332
2007-04-01,1.562129081402342,-0.3391109069336837,0.105877256719959
2007-05-01,1.471194593637376,-0.5699894849845861,0.0622221548215959
2007-06-01,1.633249752242368,-0.3601794677113061,0.1011541462303206
2007-07-01,2.1365167025746694,0.049713773416224,0.2223268658548468
2007-08-01,2.2850340752048672,0.1557594886317486,0.2636128267076906
2007-09-01,2.2533671596213987,0.0890074528810402,0.237179001117277
2007-10-01,2.1881437218423065,0.0080773069657769,0.2071845932134813
2007-11-01,2.76134197117763,0.3570159671829387,0.3514080682947478
2007-12-01,2.847961743494156,0.5149186354519331,0.4266902655762894
2008-01-01,3.2658149715291525,0.734240346728507,0.5352300711918855
2008-02-01,3.5365947591714133,0.9457356464339464,0.6375449804972695
2008-03-01,3.7711590157616417,1.1679653226578863,0.7352461423232455
2008-04-01,3.267143026048855,0.6761978111850837,0.5064284717208609
2008-05-01,3.110440973125883,0.6858308138819034,0.5112148907491761
2008-06-01,3.4359653824443845,0.8258119135017794,0.580238437805311
2008-07-01,3.669490580340298,1.0798370653256582,0.6981083421957379
2008-08-01,3.776027124551635,1.229599339987653,0.7597632592062644
2008-09-01,4.7761317537836,1.7811083786901305,0.918131169349936
2008-10-01,7.138029770412556,3.4091015362913755,0.9996877697804004
2008-11-01,7.844395345971491,3.152434368942397,0.9990356782812012
2008-12-01,7.660285079980124,3.344456488985288,0.9995814501837252
2009-01-01,6.388291569059764,2.8151693530787947,0.9963281391956093
2009-02-01,6.198652059657287,3.1924412368934254,0.9991860100214138
2009-03-01,6.316331773799217,2.771397096089834,0.9956841971347165
2009-04-01,5.42293669335514,2.2643320359306327,0.976957261191614
2009-05-01,4.811100623482517,1.3733090016706044,0.8118069177958803
2009-06-01,4.171172307299493,0.934244832767432,0.6321635548332231
2009-07-01,3.557523334059841,0.329644021056541,0.3388434316325968
2009-08-01,3.3379648422287085,0.0645341127880354,0.2278653691033549
2009-09-01,2.977804360302778,0.0641007911172675,0.2277023386117677
2009-10-01,2.861571860124334,-0.1377953961079563,0.1591501149740382
2009-11-01,2.8559688695180903,0.0022077444039458,0.2051001293992164
2009-12-01,2.421946275380708,-0.4784160804549309,0.0774693475636406
2010-01-01,2.410360176256397,-0.1898596310035092,0.1439321340088072
2010-02-01,2.4455255383742776,0.0081612053859476,0.2072144786907721
2010-03-01,2.2364101938903507,-0.1506344805095394,0.1553028593893425
2010-04-01,2.127524136146861,-0.2656068158243228,0.1235985510709641
2010-05-01,2.5867768470184918,-0.1199601140955839,0.1645972092588275
2010-06-01,2.718864675306113,0.060477308419895,0.2263416329462224
2010-07-01,2.5588452581188297,0.193128499359942,0.279041089010326
2010-08-01,2.706907948356212,-0.264079108450963,0.1239876854178682
2010-09-01,2.5461071749243747,0.0209919006258481,0.2118148448994124
2010-10-01,2.418150617181132,0.0224973630871798,0.2123585088576374
2010-11-01,2.4216672443642424,-0.1082657624118792,0.1682336032009461
2010-12-01,2.231902166392352,-0.3925397241860406,0.0942016870195033
2011-01-01,2.12096919047592,0.0038998946978852,0.2056997821670147
2011-02-01,2.011119557708599,-0.2496830236804794,0.1276967548818045
2011-03-01,1.977927331630352,-0.2923505831029691,0.1169246574561868
2011-04-01,1.9900403206658832,-0.2399024335885184,0.1302602503759898
2011-05-01,2.0755319196162487,-0.1110373966189577,0.1673671166130657
2011-06-01,2.16296703659615,0.0051901958576929,0.2061577287840784
2011-07-01,2.230047560528791,-0.0349954252922763,0.1921805558932707
2011-08-01,2.833728165825183,-0.0709768037678859,0.1801707748115348
2011-09-01,3.119604705232815,0.4655519946945392,0.4027220103981871
2011-10-01,2.811555805412423,-0.0642067612704044,0.1823937404513149
2011-11-01,2.9969737428104626,0.5305542384167587,0.4343428927558041
2011-12-01,2.887846248209311,0.3118389434388389,0.330764470918486
2012-01-01,2.7676881241976568,0.2178937207073708,0.289502044738473
2012-02-01,2.520186964460113,0.0915647376149313,0.2381641319114769
2012-03-01,2.4474592279630736,-0.3123569673514241,0.1121019259481643
2012-04-01,2.538137915788065,-0.1286196789199309,0.161937564559669
2012-05-01,2.8088297117930634,-0.0433682320045756,0.1893430587218177
2012-06-01,2.76033544169666,0.2006591805398625,0.2822025672135742
2012-07-01,2.6123006565514704,0.0331175237599321,0.216216842059561
2012-08-01,2.53890200694308,-0.16990028840106,0.1496459258516204
2012-09-01,2.4161729285678466,-0.1188232961278488,0.1649484546276504
2012-10-01,2.255822917817379,-0.1518599062712775,0.1549388941898407
2012-11-01,2.350731439229929,-0.0210611606117394,0.1969600993266921
2012-12-01,2.247295300257864,-0.1384524449740443,0.1589517261404963
2013-01-01,2.12741943175995,-0.0688813196600768,0.180857009548179
2013-02-01,2.174290532518122,-0.0040675099669762,0.2028854349353462
2013-03-01,2.150776411008801,-0.0698095447287827,0.1805528300440913
2013-04-01,2.0909162609731275,-0.096066307985998,0.1720817074058254
2013-05-01,2.0012292470305635,-0.4755982809710986,0.0779799411879998
2013-06-01,2.1764912515128536,-0.3432166830229599,0.104944544534688
2013-07-01,2.0514787645243766,0.002373754575986,0.2051589129574541
2013-08-01,2.023707017181413,-0.1137496749978264,0.1665219755755551
2013-09-01,2.0944296946921708,-0.1213636214218274,0.1641642333185906
2013-10-01,1.998575804444788,-0.0242296681741354,0.1958670070317517
2013-11-01,1.9520909285989307,0.0157760567005105,0.2099375695027767
2013-12-01,1.7975490277920327,-0.1426514007013044,0.1576877253206215
2014-01-01,1.8548803562631493,-0.2969574727646606,0.1158012974485669
2014-02-01,1.7555857707019369,-0.1961948310630337,0.1421497240029603
2014-03-01,1.7056108603896605,-0.2671414281717321,0.1232085197907017
2014-04-01,1.6496864261208846,-0.3494802106081083,0.1035331364103163
2014-05-01,1.6479140874895015,-0.3647702264717094,0.1001456924112553
2014-06-01,1.61700846123496,-0.3016630774760354,0.1146618011357082
2014-07-01,1.674983802862948,-0.3159870959718787,0.1112423136964956
2014-08-01,1.6716660913902734,-0.30958893859437,0.1127605768286439
2014-09-01,1.821713371081933,-0.2139545375236082,0.1372329288116937
2014-10-01,1.9238379707890088,-0.2120837025144293,0.1377453290159568
2014-11-01,2.0873071283524887,0.0635219496178165,0.2274846610361812
2014-12-01,2.1789462623808906,0.0834726038729152,0.2350545236145664
2015-01-01,2.2573650196858748,-0.0395834344825507,0.1906224974036332
2015-02-01,2.0129841359402225,-0.2916671609519703,0.1170919611307427
2015-03-01,2.123485207733539,-0.1301260201276193,0.1614777909141387
2015-04-01,2.093875395082644,0.0066912455175605,0.2066912329811621
2015-05-01,2.100065928324434,0.0526686260287507,0.2234249532741584
2015-06-01,2.2186723027722204,0.1496719425533088,0.2611413665875959
2015-07-01,2.3525915555246084,0.2121112061180454,0.2870430649758709
2015-08-01,2.46528808446267,0.4004579754240103,0.3716820164673825
2015-09-01,2.679080027043383,0.5401116572600317,0.4390329738416214
2015-10-01,2.453369279631448,0.4255570961396673,0.3835641349693087
2015-11-01,2.5098478472125523,0.5119529232380622,0.4252417564277696
2015-12-01,2.721247378282408,0.681719724466384,0.5091723417509504
2016-01-01,3.1128751750469603,0.9210589614304076,0.6259562311935352
2016-02-01,3.128889557817826,0.953248224142067,0.6410487434331845
2016-03-01,2.71276538527658,0.5861841980740707,0.4617506246658184
2016-04-01,2.436361233496931,0.2412598016300502,0.2995377013926785
2016-05-01,2.405362522681947,0.2539620770458866,0.3050586167287019
2016-06-01,2.505618155831571,0.0670727099730319,0.2288217949276521
2016-07-01,2.3113534675233507,0.0142724755726479,0.209398224882421
2016-08-01,2.1162178410185297,-0.0153100396683671,0.1989535687350798
2016-09-01,2.107125839234614,-0.0684446169211776,0.1810002281459171
2016-10-01,1.9125956865393368,-0.0692979005290261,0.1807204562223626
2016-11-01,1.8231231688420144,-0.7443630437934361,0.0397479947157126
2016-12-01,1.6868946420168809,-0.2413346828379192,0.1298826483392561
2017-01-01,1.644188769651249,-0.1938417347901145,0.1428100164610044
2017-02-01,1.5966505779991755,-0.1801200671788378,0.1467016512498776
2017-03-01,1.631957392009404,-0.1674992265701129,0.1503433420227438
2017-04-01,1.6198128427609015,-0.1150685188997822,0.1661120233984712
2017-05-01,1.5849161310704296,-0.1620827085788372,0.1519245743232508
2017-06-01,1.5639624105368584,-0.120873214922343,0.1643154375667147
2017-07-01,1.5088501709160551,-0.1450595591577788,0.1569657911662929
2017-08-01,1.6233567580542243,-0.0754005549756808,0.1787274486295248
2017-09-01,1.508109361545782,-0.2545229102590765,0.1264412747781427
2017-10-01,1.4369356400155844,-0.2109892407529672,0.1380456940388796
2017-11-01,1.4518253597023092,-0.1285409070939891,0.1619616311658442
2017-12-01,1.41158219166317,-0.1935697022526923,0.1428864838426647
2018-01-01,1.276795388231348,-0.3991271571438068,0.0928306479764074
2018-02-01,1.3748957629406329,-0.2436283116028073,0.1292795297391325
2018-03-01,1.5364804319763146,-0.1028559704579645,0.1699331453331019
2018-04-01,1.4496385622868986,-0.2836924256155464,0.1190567438298437
2018-05-01,1.535331486863481,-0.1953093573993209,0.1423979501768335
2018-06-01,1.62195147873376,0.026485540391484,0.2138026848441661
2018-07-01,1.487674482682534,-0.1266417693959378,0.1625425666337803
2018-08-01,1.522980810235979,-0.095461077046792,0.1722740684889386
2018-09-01,1.4314502632932729,-0.1767871067301565,0.1476575615590515
2018-10-01,1.583475549206519,0.0023265664873475,0.2051422028198832
2018-11-01,1.7892943450416232,0.1476850678150065,0.260337308190433
2018-12-01,2.076983875361502,0.3494052440625548,0.3478974444866364
2019-01-01,1.8296979501071595,0.1878099599037959,0.2768187240350377
2019-02-01,1.648023567273897,0.0780583342335496,0.2329865407405739
2019-03-01,1.678767831675078,-0.1113342168138738,0.1672744935121256
2019-04-01,1.5787228532921278,0.0080564939778859,0.2071771798085214
2019-05-01,1.8163662753635728,-0.0056940802268925,0.2023137172746331
2019-06-01,1.6896810147684789,0.0215454521239903,0.2120146528573583
2019-07-01,1.630709798134868,-0.0330651549909737,0.1928383850034602
2019-08-01,1.8082417618389148,-0.146722651369406,0.1564684893621292
2019-09-01,1.727684102858904,-0.2252965153818724,0.134154375945981
2019-10-01,1.7055084869357,-0.2207248542883397,0.1353895065125989
2019-11-01,1.6393877480465997,-0.16548042672279,0.1509313991825324
2019-12-01,1.48770080461116,-0.276587229726265,0.120826803123976
2020-01-01,1.6649238906599395,-0.237561958479197,0.1308789328766559
2020-02-01,1.985197893932558,-0.1471829919487202,0.1563310207559172
2020-03-01,3.821601559476067,1.197393006817081,0.7471086150540411
2020-04-01,2.885220268986319,0.6550614395710599,0.4959240090864474
2020-05-01,2.523248659135445,0.4107158993162283,0.3765241627300598
2020-06-01,2.32720257004988,0.0568316682069749,0.2249772537578557
2020-07-01,2.034657093281936,-0.1569948500808951,0.1534198890926952
2020-08-01,1.9389504967839983,-0.2813919013818633,0.119627839069376
2020-09-01,2.0547879103824718,0.0039734972667253,0.2057258885392096
2020-10-01,1.9313057458511995,-0.2048303306345074,0.1397442772522702
2020-11-01,1.6735373877406812,-0.4620900083224424,0.0804631968189546
2020-12-01,1.4896297537846388,-0.4940240867319938,0.0746870071622425
2021-01-01,1.448576758916245,-0.6480952202556254,0.0511622243065641
2021-02-01,1.393054352541517,-0.9445344478871924,0.0225891170842342
2021-03-01,1.3310698499843054,-0.7411614743168045,0.0400911362727122
2021-04-01,1.2693364790018504,-0.4836083789062448,0.0765351431623403
2021-05-01,1.2615763511214366,-0.4195993870969345,0.0886639985475035
2021-06-01,1.183605750139321,-0.5833799568724425,0.0602037438773897
2021-07-01,1.2500590214901708,-0.5538655326766437,0.0647222012948032
2021-08-01,1.2450171976552442,-0.4775043886584571,0.0776342702288543
2021-09-01,1.191488554195545,-0.646038382676831,0.0514319452901024
2021-10-01,1.184966054192951,-0.5270039906867194,0.0690594715893388
2021-11-01,1.3339431642823787,-0.4515061791397627,0.0824502316578376
2021-12-01,1.2477712134547096,-0.4469937904036913,0.0833085452702367
2022-01-01,1.3625604769348278,-0.3522783654135764,0.102907078296315
2022-02-01,1.5254450988841224,-0.2177039488738541,0.1362099314354248
2022-03-01,1.418670001694918,-0.8594449962536592,0.0289148344787208
2022-04-01,1.5931882369811792,-0.3238358224973139,0.1093998959476529
2022-05-01,1.5852150058080787,-0.1281997899974682,0.162065877181061
2022-06-01,1.9426505073017863,0.0661818552760999,0.2284859057633361
2022-07-01,1.7252415195277504,0.0070897075426217,0.2068329918462319
2022-08-01,1.719299834317224,-0.0364691376475869,0.191679245409019
2022-09-01,1.8792381457461125,0.0190220392746158,0.2111047050768125
2022-10-01,1.6829683367318693,0.0968385065731625,0.2402027817412517
2022-11-01,1.5778443148467316,-0.2265919162087422,0.1338058078987358
2022-12-01,1.524040549478112,-0.0093498375086058,0.2010322891654782
2023-01-01,1.4220222851460562,-0.0205051067687305,0.1971523105808161
2023-02-01,1.490517774457922,-0.1478932288373995,0.1561190832851937
2023-03-01,1.5360162713938208,-0.1797986533321416,0.1467936530835205
2023-04-01,1.5438523623657625,0.2050106525878159,0.2840371972158766
2023-05-01,1.5763503907814898,0.1533755917318799,0.262643577530341
2023-06-01,1.4186196659867951,0.1931773008396178,0.2790615209362555
2023-07-01,1.311591299814524,0.0319352820461209,0.2157853331246199
2023-08-01,1.346882413110834,0.0875550468779144,0.2366204958524176
2023-09-01,1.335822239113487,0.0037349436472648,0.2056412821992254
2023-10-01,1.4308588258293018,0.2402373865055776,0.299095294706138
2023-11-01,1.1958468493043797,-0.0666771679035211,0.1815805964314163
2023-12-01,1.1453675048574186,-0.2139089407076351,0.1372454017562802
2024-01-01,1.1057752737344368,-0.0523483251234382,0.1863285830639111
2024-02-01,1.107484948401716,-0.1174227944162542,0.1653818377941535
2024-03-01,1.0569999618150427,-0.0751759341398832,0.1788005592096842
2024-04-01,1.0203967977932782,-0.1887538806350952,0.1442447756960334
2024-05-01,0.9881992828374184,-0.1160030517161498,0.1658219263235214
2024-06-01,1.098536910364005,-0.0099365546475012,0.2008270854655486
2024-07-01,1.0749736316690497,-0.0722001342954243,0.1797709118701197
2024-08-01,1.0982231088475571,-0.0201482177081684,0.1972757362803838
2024-09-01,1.05325300558089,-0.0784410343032222,0.1777396722977345
2024-10-01,0.9866837519843976,-0.3468624883894261,0.1041213228768174
2024-11-01,0.9514585838644348,-0.2090824225738718,0.138570069237712
2024-12-01,0.9377346276613816,-0.4460002903412312,0.0834984206616304
2025-01-01,0.8985913126456767,-0.2826731021022138,0.1193095485634042
2025-02-01,0.9968522562310026,-0.2368626108580512,0.131064192235346
2025-03-01,1.1202898653910844,-0.0170393659800855,0.198352870249892
2025-04-01,1.2616694738083525,-0.0727247668746289,0.1795995992121065
2025-05-01,1.0201165605854874,-0.1858089470593811,0.1450796629274992
2025-06-01,0.9846793972258012,-0.2005802503199977,0.1409246710776099
2025-07-01,0.9189961154948816,-0.2208416050294056,0.1353578671799339
2025-08-01,0.9337393410271496,-0.1694462911697829,0.1497776288360616
2025-09-01,0.8852593403039449,-0.3022310551600574,0.114524802771221
2025-10-01,0.93093644457223,-0.2693996400842233,0.122636150980464
2025-11-01,0.9321650362717956,-0.229073987877306,0.1331396694086475
2025-12-01,0.895215329017218,-0.2372601162883874,0.1309588696014134
2026-01-01,0.8478032768634345,-0.2893028375860231,0.1176720623452743
2026-02-01,0.9687662020574228,-0.2957130388810945,0.1161039861971368
